vertex,score
0,0.2727174043655396
1,0.22272377610206606
2,0.23636029511690143
3,0.16818094402551653
4,0.1
