vertex,score
0,0.1904296875
1,0.24755859375
2,0.261962890625
3,0.300048828125
